iso-date;tavg;tmin;tmax;wind;globrad;precip;relhumid
;C_deg;C_deg;C_deg;m/s;MJ m-2 d-1;mm;%
2017-01-01;-0.7;-4;4.3;1.191805556;3.89;0;59.7
2017-01-02;-2.1;-4.8;1;1.750972222;2.22;0;78.7
2017-01-03;-1.7;-4.3;0.9;2.415972222;2.69;0.8;86.1
2017-01-04;0.5;-1.1;2.5;3.671527778;2.32;2.8;82.8
2017-01-05;-5.6;-10.7;-0.2;4.017847222;3.22;0;70
2017-01-06;-14;-18.6;-10.7;2.114861111;3.58;0;68.5
2017-01-07;-17.4;-20;-15.3;1.3875;4.56;0;71.9
2017-01-08;-14.3;-19.7;-9.2;0.859861111;5.02;0;67.4
2017-01-09;-9;-11.7;-7.4;1.169166667;3.64;4;63.6
2017-01-10;-9.6;-12.8;-6.9;0.693125;4.39;0;74.2
2017-01-11;-10.2;-15.1;-3.5;0.984930556;5.04;0;69.9
2017-01-12;-0.8;-6;1.9;2.039097222;3.61;0.8;79.3
2017-01-13;1.6;-2.6;5.6;1.644808362;2.78;0;67.8
2017-01-14;0;-1.6;1.4;2.270833333;2.67;0;78.2
2017-01-15;-2.1;-5.5;0.4;1.127708333;3.84;1.2;84.4
2017-01-16;-3.1;-5.9;-0.3;0.596319444;4.68;0;77.2
2017-01-17;-4.7;-6.7;-2.5;0.733472222;2.42;0;83.3
2017-01-18;-7.3;-8.4;-6.3;0.771527778;2.64;0;85.7
2017-01-19;-7.6;-11.4;-6;0.828680556;2.78;0;82.3
2017-01-20;-4;-10.8;-0.6;1.692569444;2.97;0;72
2017-01-21;-0.1;-1.9;2.1;1.258611111;5.16;0;81.4
2017-01-22;-0.8;-5.1;2;0.766736111;3.48;0;83
2017-01-23;-4.7;-7.6;-0.1;0.323611111;5.64;0;87.1
2017-01-24;-5.8;-8.5;-4.4;0;1.5;0;83.8
2017-01-25;-3;-4.8;-1.5;0;1.41;0;88
2017-01-26;-4;-7.3;-1.5;0.001805556;4.5;0;84.2
2017-01-27;-4.7;-9.3;0.8;0.359722222;6.72;0;72
2017-01-28;-5.9;-10.5;-1.1;0.148819444;6.66;0;70.6
2017-01-29;-6.3;-10.4;-0.8;0.383541667;7.08;0;76.2
2017-01-30;-4.8;-10.4;1.5;0.674513889;6.8;0;73
2017-01-31;-3.9;-9.8;2.3;0.868680556;7.24;0;75.1
2017-02-01;-2.3;-5.7;0.9;0.817708333;4.35;0;81
2017-02-02;0.2;-1.9;4;0.891944444;6.97;3;86.3
2017-02-03;0.7;-0.7;2.6;0.607986111;3.59;3.4;92.7
2017-02-04;0;-0.5;0.6;0.286736111;2.42;0;94.8
2017-02-05;0.8;-0.4;2.7;0.467916667;2.64;3;96.2
2017-02-06;-0.9;-2.9;1.9;0.173125;1.79;0;93.6
2017-02-07;-4.7;-7.5;-2.9;0;1.34;0;86.6
2017-02-08;-7.8;-8.9;-6.7;0;3.95;0;77.8
2017-02-09;-6.9;-8.3;-5.5;0;3.56;0;78.8
2017-02-10;-4.5;-7.3;-0.3;0.258958333;6.67;0;68.5
2017-02-11;-7.3;-10.7;-3.1;0.237013889;9.57;0;68.6
2017-02-12;-7.1;-10.8;-1.7;0.410694444;9.34;0;76.4
2017-02-13;-7.4;-8.1;-6.4;1.011041667;2.63;0;85
2017-02-14;-3.2;-9.3;4.4;1.457638889;10.2;0;77.7
2017-02-15;1.4;-4.4;8.6;1.011666667;10.58;0;63.2
2017-02-16;3.2;-2.1;10.2;0.890625;10.75;0;64
2017-02-17;1.9;0.4;5.8;1.216180556;3.9;4.2;81
2017-02-18;1.6;0.6;3.3;1.330625;4.06;0.8;92
2017-02-19;2.1;-0.2;4.2;0.717986111;3.84;0;84.4
2017-02-20;2.8;-1.4;7.1;1.329097222;11.29;0.2;74.8
2017-02-21;5;3.1;7.6;2.956458333;3.76;4;87.4
2017-02-22;6.2;1.1;9.8;2.297777778;5.2;1.6;80.2
2017-02-23;6.3;3.9;11.4;1.889722222;2.91;2.2;81.4
2017-02-24;6;-0.9;11.5;4.006805556;4.89;0;59.8
2017-02-25;0;-1.9;3.4;2.18;9.93;0;73.8
2017-02-26;3.7;-1.2;7.1;1.120555556;3.06;0;54.1
2017-02-27;8.4;2.9;15.2;1.216041667;14.2;0;48.9
2017-02-28;9.1;4.6;14.7;1.832569444;10.29;0;58.8
2017-03-01;6.2;1.6;10.8;1.738680556;6.26;1;71.8
2017-03-02;6.3;1.4;11.9;2.278125;10.78;0;62.7
2017-03-03;5.8;2.2;10.5;2.026041667;13.8;0;62.4
2017-03-04;9.2;2.8;16.2;2.222986111;12.9;0;54.5
2017-03-05;12.7;7.1;16.9;1.546041667;13.62;5.6;55.9
2017-03-06;6.1;3.1;9.8;1.156458333;6.69;6.2;83.4
2017-03-07;5.1;1.8;10.3;1.050555556;10.12;0.4;76.9
2017-03-08;3;0.8;5.1;1.350763889;5.86;0;79.4
2017-03-09;2.6;-0.7;5.5;1.105208333;3.64;1.2;90.1
2017-03-10;4;1.2;7.3;1.082569444;6.64;0;79.5
2017-03-11;4;2.1;6.9;2.092986111;15.58;0;72.4
2017-03-12;3;1.1;5.6;1.310486111;4.27;0;76.3
2017-03-13;3;1.3;4.8;0.902013889;3.57;0;78.1
2017-03-14;4.1;0.5;8;0.844027778;9.89;0;75.6
2017-03-15;5.3;0.5;11;2.234583333;6.25;0;69.4
2017-03-16;4.1;0.4;9.3;2.504583333;9.56;0;67.4
2017-03-17;6.7;-0.3;12.9;1.287083333;12.14;0.8;67.3
2017-03-18;4.8;2.2;8;2.444583333;4.82;8.6;82.5
2017-03-19;3.8;1.2;7.5;3.336388889;16.78;0.8;66.2
2017-03-20;8.2;2.5;11.5;2.109930556;7.61;4.8;84.8
2017-03-21;10.7;7.3;14.4;1.343055556;12.69;0;71.3
2017-03-22;5.8;3.8;9.5;1.332986111;2.09;13;91
2017-03-23;5.3;3.5;7;1.238611111;3.83;1.4;93.4
2017-03-24;6;1.7;7.5;1.305138889;3.71;0;86.7
2017-03-25;4.9;-1.1;10.7;2.348125;14.83;0;70.2
2017-03-26;3.2;0.4;6.8;1.765694444;13.48;0;69.4
2017-03-27;7.2;0.3;14.9;1.985694444;20.76;0;62.7
2017-03-28;11.6;4.1;18.9;1.816111111;21.59;0;51.3
2017-03-29;12.6;6.9;18.8;3.041736111;16.17;0;57.9
2017-03-30;10.1;6.2;13.9;1.497847222;9.41;0;72
2017-03-31;12.9;5.1;20.8;0.921805556;21.71;0;65
2017-04-01;15.8;9.2;22.8;0.910069444;22.14;0;48.5
2017-04-02;17.3;10.4;24;1.498819444;20.01;0;44.5
2017-04-03;12.5;8.3;17.6;1.789861111;16.86;0;69.2
2017-04-04;13.6;7.5;19.4;1.369166667;20.56;0;66.9
2017-04-05;11.7;7.5;18.9;1.200347222;17.69;14;75.6
2017-04-06;5.3;2.2;8.4;3.170486111;13.94;6.8;83.6
2017-04-07;4.9;2;7.6;1.889513889;6;3.8;88.8
2017-04-08;9.2;6;13.2;2.597222222;16.9;0;77.7
2017-04-09;9.6;4.7;14.9;0.982777778;19.86;0;73.9
2017-04-10;13.2;5.9;20.8;0.906388889;25.26;0;62.5
2017-04-11;7.6;3.7;12.5;3.002986111;10.89;2.4;71.6
2017-04-12;7.8;2.7;11.1;1.740277778;13.57;0;66.7
2017-04-13;8;4.7;10.8;2.675208333;11.27;2;76.8
2017-04-14;7.1;3.7;10.9;2.641597222;15.21;0;66.3
2017-04-15;8.5;2.8;14.2;1.300069444;12.16;0.8;66.9
2017-04-16;5.5;2.4;9.9;3.040625;21.5;2;76.5
2017-04-17;4.8;1;9.8;1.071319444;17.6;8.2;79.1
2017-04-18;1.3;0.1;3.8;1.251111111;5.95;9.8;92
2017-04-19;2;0.1;5.4;2.41625;8.88;6.6;81.3
2017-04-20;1.8;0.4;3.8;2.255416667;11.72;0;59.2
2017-04-21;4.6;-1.5;9;2.355347222;17.44;0;60.2
2017-04-22;6.8;1.8;10.9;2.721111111;16.51;0.2;66
2017-04-23;4.1;0.7;8.1;2.817986111;17.65;0.2;73
2017-04-24;5.9;1.3;11;1.890555556;19.3;0;67.5
2017-04-25;11.4;4.2;20;1.86125;16.74;3;65.5
2017-04-26;5.7;4.4;9.7;1.215138889;2.76;4;91.8
2017-04-27;4.2;3.8;5.4;0.987291667;4.01;19.8;92.7
2017-04-28;5.4;4;7;1.130625;3.46;26.4;94.8
2017-04-29;6.7;3.4;12;1.429305556;15.64;0;76.7
2017-04-30;6.9;3.2;13;0.867430556;14.02;1.4;78.1
2017-05-01;8.2;3.7;14;1.324444444;25.2;0;77.5
2017-05-02;9.8;4.7;15.2;0.830347222;11.19;0.4;84.6
2017-05-03;10.4;8.6;13.2;0.883194444;9.21;16.6;88.5
2017-05-04;11.4;9.2;15.1;0.699930556;8.54;2;93.9
2017-05-05;13.1;8.4;19;0.835833333;20.5;4.2;88.5
2017-05-06;14.2;12.3;17.5;0.897777778;16.19;2.6;91.1
2017-05-07;12.8;9.1;16.5;1.91375;12.55;0.2;84.7
2017-05-08;9.4;5;13.9;2.803611111;12.02;0;79
2017-05-09;4.2;0.4;8.1;2.112222222;17.22;0;67.3
2017-05-10;5.5;-0.8;11;1.277569444;20.67;0;66.7
2017-05-11;12.8;4.5;20;0.787291667;26.99;0;56.7
2017-05-12;12.6;8.9;18.3;1.024166667;14.8;1.4;84.7
2017-05-13;12.1;11.6;13.2;0.600555556;3.89;0.8;95.4
2017-05-14;14.9;8.6;21.1;0.834791667;29.99;0.2;70.8
2017-05-15;15.7;9.1;21.7;1.045416667;22.57;0;70.6
2017-05-16;13.7;10.5;17.8;0.994305556;15.18;8.2;85.2
2017-05-17;15.9;8.3;22;0.751527778;32.46;0;64.6
2017-05-18;17.6;10;24.3;0.961666667;30.64;0;60.4
2017-05-19;19.3;10.5;26.5;1.033819444;31.06;0;58.4
2017-05-20;17.1;13;23.6;2.121041667;20.38;0;75.4
2017-05-21;14.8;11.9;20;2.604930556;10.44;0;79.2
2017-05-22;16.8;12.2;22.4;1.302986111;26.15;0;68.4
2017-05-23;17.2;12.7;24.3;0.766875;21.69;2.8;74.7
2017-05-24;12.5;9.5;15.1;2.130416667;7.55;8;88.4
2017-05-25;12.4;9.5;17.1;1.448888889;9.62;2.4;86.9
2017-05-26;14.5;9.9;19.1;1.413472222;24.3;3.2;75.9
2017-05-27;15.6;10.8;20.7;0.791805556;25.39;0;70.9
2017-05-28;18;9.8;24.8;0.849930556;33.2;0;61.2
2017-05-29;20.3;11.8;26.8;1.517986111;33.01;0;58.8
2017-05-30;21.2;15.7;29.5;1.644375;26;30.8;72.6
2017-05-31;19.1;13.9;23.3;2.237430556;23.32;0;76.5
2017-06-01;16.6;11.2;21.5;2.052986111;34.81;0;57.4
2017-06-02;16.8;8.1;23.4;1.2475;34.08;0;53.5
2017-06-03;18.1;10.9;24.5;0.675138889;33.68;0;53.2
2017-06-04;19.3;11.1;28.7;1.231111111;24.06;12.4;71.6
2017-06-05;18;14.4;22.9;0.928333333;29.42;0;71.4
2017-06-06;20.6;14.1;27.1;1.465347222;31.08;3.4;71.7
2017-06-07;16.6;12.7;20.3;1.992152778;30.81;1.8;66.8
2017-06-08;16;10.3;21.3;1.168472222;32.37;0;59.4
2017-06-09;18.1;9.7;24.9;0.775138889;33.39;0;55.3
2017-06-10;15.8;13.1;23.2;1.367291667;14.79;4.4;76.4
2017-06-11;17.8;10.7;24.3;0.896319444;32.11;0;67.5
2017-06-12;19.4;12.7;26;1.134652778;21.78;0;69.4
2017-06-13;16.7;13.1;20;2.835138889;25.93;0;62
2017-06-14;15.4;10.7;19.3;2.190138889;22.1;0;67.2
2017-06-15;16.8;8;23.1;0.493194444;30.65;0;64.8
2017-06-16;16;11.9;22.8;1.407847222;13.8;3.4;80.6
2017-06-17;12.7;11.5;14.6;2.739097222;10.23;9.8;88.8
2017-06-18;17.1;13.4;22.4;1.885208333;23.24;0;76.6
2017-06-19;20.3;12.5;27;1.008263889;26.4;0;71
2017-06-20;23;15.9;29.4;1.153541667;33.3;0;63.8
2017-06-21;19.6;14.6;24.4;1.383541667;35.04;2.8;59.2
2017-06-22;20.5;11.7;27.6;0.834305556;32.83;0;58.3
2017-06-23;19.4;16.3;24;2.710625;20.85;4;78
2017-06-24;21.2;15.7;26.2;1.436388889;27.28;0;68.4
2017-06-25;22.3;15.3;28.4;1.578611111;32.67;0;61.3
2017-06-26;21.2;17.3;26.4;1.379583333;22.47;0;66.8
2017-06-27;21.3;16.5;27.4;0.737013889;25.83;0;70.3
2017-06-28;24.3;16.8;31.9;1.383819444;27.35;0.6;66.3
2017-06-29;21.8;16.8;28.2;1.371666667;20.63;2.6;70
2017-06-30;20.3;15;24.7;1.639930556;29.37;0;58.5
2017-07-01;17.8;13.8;23.8;1.088125;17;1.2;73
2017-07-02;16.6;13.1;20.3;2.071666667;14.36;1.2;75.2
2017-07-03;16.4;10.7;20.9;2.211736111;27.04;0;64.2
2017-07-04;16.4;9.5;22.7;1.313055556;21.77;0;63.2
2017-07-05;17.3;10.4;25.5;1.062447552;23.7;7;69.3
2017-07-06;16.9;11.2;22.7;0.805138889;25.96;0;70.1
2017-07-07;17.3;10.3;23.2;0.693333333;16.35;2;78.1
2017-07-08;18.9;15.3;25.1;1.338541667;18.37;9.6;86.9
2017-07-09;20.8;13.5;27.4;1.008055556;29.74;0;70.3
2017-07-10;21.7;17.1;26.9;1.121666667;17.79;20.8;76.5
2017-07-11;19.7;16.7;23.6;1.265763889;15.04;9.2;90.7
2017-07-12;21.1;15.5;26.9;1.242916667;31.16;0.6;70.6
2017-07-13;15.3;10.4;18.6;3.004097222;15.63;0.8;77.4
2017-07-14;16.1;9.5;21.6;0.886736111;28.57;0;64.5
2017-07-15;15.1;11.9;20.6;0.893194444;20.16;10;77.6
2017-07-16;17;10.1;23.3;1.023541667;27.15;0;65.4
2017-07-17;17.9;11.7;23.4;0.895555556;13.57;0;71.4
2017-07-18;21.1;14.5;27.9;0.734027778;28.65;0;66.6
2017-07-19;22.4;15.5;29.1;0.864722222;28.91;0;64.8
2017-07-20;24.3;16.7;32.5;0.964722222;29.05;0;60.6
2017-07-21;19.7;16.5;23.1;1.094722222;10.72;10.8;89.2
2017-07-22;22;15.1;27.9;0.576527778;29.97;7.2;74.1
2017-07-23;20.7;16.5;28.4;1.109375;20.76;3.8;83.5
2017-07-24;21.4;15.3;27.4;0.797083333;25.99;0;74.1
2017-07-25;17.1;15.1;19.8;1.434583333;8.21;0;83.6
2017-07-26;16.8;11.7;21.6;0.899583333;18.75;0;67.8
2017-07-27;17.3;12.1;23.6;1.255694444;24.32;0;73
2017-07-28;18.1;13.1;25.4;1.342152778;20.9;0.2;79.8
2017-07-29;19.8;13.3;25.4;1.495;28.06;0;64.8
2017-07-30;24.1;15.2;31.8;0.655208333;30.41;0;57.1
2017-07-31;26.9;20.8;32.6;0.961805556;27.03;0;56.8
2017-08-01;27.8;19.3;34.6;0.794930556;28.95;0;57.9
2017-08-02;25.9;20.2;31.8;1.170138889;20.99;0;62.4
2017-08-03;26;17.9;34.3;1.060277778;25.24;0;62.6
2017-08-04;24.6;19.5;29.4;0.970833333;13.12;0;66.8
2017-08-05;25.1;20.3;30.6;1.094444444;29.3;0;58.4
2017-08-06;19.5;16.4;22.9;1.409027778;12.73;1.2;78.5
2017-08-07;16.2;12.3;20.1;0.829652778;15.49;2.4;77.9
2017-08-08;17.3;10.5;24.8;1.325763889;24.56;0;77.5
2017-08-09;23.3;13.3;31.7;0.874375;25.67;0;70.4
2017-08-10;26;20.5;33.2;0.9975;19.48;0;68.5
2017-08-11;26.6;19.2;34.7;1.503055556;26.89;0;62.6
2017-08-12;17.6;15.4;21.4;1.710277778;6.06;3;88.6
2017-08-13;16.5;13.9;21.4;1.096319444;11.62;0;75.2
2017-08-14;18.7;13.1;23.9;1.001597222;21.39;0;69.1
2017-08-15;19.8;12.8;26.2;1.073125;27;0;59.4
2017-08-16;22.3;14.1;29.9;1.276388889;26.98;0;58.8
2017-08-17;21.7;16.5;28.2;1.033888889;23.6;0;72.7
2017-08-18;23.9;16.3;31.4;0.61875;24.88;0;64.7
2017-08-19;20.6;15.6;27.3;1.718819444;14.03;12.4;74.1
2017-08-20;14.1;11.8;15.8;1.294861111;3.18;55.8;97.7
2017-08-21;14.1;10.3;19.7;1.685833333;19.56;2.8;82.8
2017-08-22;14.5;10.8;20.2;2.252361111;20.16;0;76.8
2017-08-23;14;11;18.2;1.55125;14.53;1;79.5
2017-08-24;16.8;9.5;23.7;1.161319444;25.34;0;66.3
2017-08-25;20.4;13.9;26.4;0.895138889;20.15;0.2;65.8
2017-08-26;19.8;15.6;26;0.540208333;16.03;0.2;82.7
2017-08-27;21.3;16.4;27.2;1.821666667;21.51;4.8;75.5
2017-08-28;16.3;12;21.1;1.223680556;17.7;0;72.6
2017-08-29;16.5;10.2;22.3;0.527777778;22.19;0;72.2
2017-08-30;18.9;10.1;27;0.692361111;24.47;0;67.2
2017-08-31;21.6;13.4;28.8;0.563263889;23.8;0;59.9
2017-09-01;19.8;13.6;26.5;1.256736111;16.81;9.8;78.8
2017-09-02;13.2;12;14.9;1.821805556;5.55;0.2;87
2017-09-03;12.4;11.2;14.4;1.68375;6.43;18.4;92.3
2017-09-04;13.7;10.7;17.5;2.388472222;13.83;0.2;78.1
2017-09-05;12.2;10.8;14.8;2.315972222;4.72;5.6;90
2017-09-06;15.3;12.6;19.8;1.360972222;8.82;2.8;89.7
2017-09-07;14;11.1;16.5;2.473819444;13.32;2.8;78.3
2017-09-08;15.4;10.2;21;1.000347222;21.82;0;68.2
2017-09-09;18.2;11;26;1.315;20.61;0;65.4
2017-09-10;20.3;14.2;26.3;0.879930556;16.63;0;67
2017-09-11;20.7;16.2;28.4;0.833958333;15.81;1.2;76.5
2017-09-12;13.9;11.5;17.9;1.750972222;4.46;18.4;93.1
2017-09-13;15.2;10.9;19.6;1.382638889;18.32;0;70.7
2017-09-14;19.5;10.9;28.2;2.136875;20.75;2.8;62.4
2017-09-15;12.5;9.1;15.5;1.199305556;8.27;0.2;73.4
2017-09-16;12.5;11;14;0.430069444;4.41;1.6;89.6
2017-09-17;12.4;10.8;14;1.503819444;3.17;28;97.1
2017-09-18;12.4;8.9;17.4;1.734305556;18.07;1;78
2017-09-19;10.4;6.2;13.4;0.909722222;5.64;5.2;90.9
2017-09-20;10.6;9.9;11.8;2.052083333;3.15;2;95.9
2017-09-21;10.4;10.1;10.7;3.368888889;1.49;25;93.4
2017-09-22;10.8;10;12.5;1.72125;2.91;1.6;94.7
2017-09-23;10.8;10;11.6;1.393402778;1.66;24.4;100
2017-09-24;13;11.1;17.6;0.394305556;9.3;12.4;94.5
2017-09-25;13.1;10.6;17.8;0.700833333;11.95;0.6;91.2
2017-09-26;11.4;9.4;14.1;0.409722222;6.05;0.2;95.7
2017-09-27;12.3;7.9;18.4;1.002013889;16.22;0;78.5
2017-09-28;10.9;4.9;17.9;0.863263889;17.62;0;75.6
2017-09-29;9;3.2;16.6;0.489861111;14.02;0;84.3
2017-09-30;9;4.1;16.4;0.565694444;13.89;0;84.2
2017-10-01;9.2;2.6;16.3;0.467152778;16.92;0;77.7
2017-10-02;10.2;3;17.6;0.570138889;16.65;0;75.6
2017-10-03;11;8.3;14.5;1.21125;3.28;13.8;86.9
2017-10-04;11.3;8.2;14.5;1.633541667;10.35;0.2;79.7
2017-10-05;11;9.6;14.4;2.284861111;3.46;1.4;77.4
2017-10-06;8.6;7.4;12.2;2.474236111;8.4;6.8;84.6
2017-10-07;8.6;5.8;12.9;1.221111111;8.86;0.4;87.7
2017-10-08;8.8;5.6;11.4;1.733611111;3.27;2;86.1
2017-10-09;7;5;10.4;1.911111111;8.99;0;81.8
2017-10-10;8.8;5.7;10.5;1.383263889;5.62;0;83.5
2017-10-11;12.3;9.4;15.4;1.421458333;6.97;0.2;84.5
2017-10-12;13.6;9.4;18.9;1.868333333;10.88;0;78.1
2017-10-13;10.6;7.8;14.1;2.637083333;6.72;0;75.6
2017-10-14;11.9;8;15.4;1.426527778;7.43;0;82.9
2017-10-15;15;11.7;19.9;1.12125;9.35;0;81.9
2017-10-16;15.6;8.5;22.8;0.7975;13.25;0;80.7
2017-10-17;16;10.1;24.6;0.43625;12.34;0;75.6
2017-10-18;15.1;9.1;23;0.214791667;11.86;0;77.6
2017-10-19;13.1;8.7;19.3;0.579375;10.78;0;83.8
2017-10-20;10.4;9.1;11.4;0.282777778;3.38;0.2;100
2017-10-21;10.4;8;13.6;0.879027778;3.49;0;96.3
2017-10-22;8.5;5.7;9.6;0.607986111;3.21;1.4;100
2017-10-23;8.3;6.6;9;1.897361111;2.37;21;99.2
2017-10-24;5.7;4;6.6;1.039166667;2.05;0;91.8
2017-10-25;6.8;2.5;12;0.913958333;4.76;0.4;92.3
2017-10-26;11.7;9.7;14.4;1.605069444;7;0.4;84.9
2017-10-27;8.9;7.3;10.7;1.960625;1.92;9.8;90.8
2017-10-28;6.6;4.5;8.1;2.513819444;2.11;1.4;88.2
2017-10-29;5.8;2.1;8.7;4.401458333;3.51;23.2;81.1
2017-10-30;3;-0.3;5.8;4.742847222;6.04;0.4;73
2017-10-31;2.3;-0.3;5.9;2.735416667;7.75;0;79.5
2017-11-01;6.4;3.6;8.1;2.299097222;3.94;0;78.8
2017-11-02;9.2;7.3;13.4;1.922430556;5.18;3.2;83.7
2017-11-03;7.8;7.2;9.2;1.235902778;2.38;0.6;91.8
2017-11-04;7.7;3.7;13;0.814722222;8.7;0;78.1
2017-11-05;8.5;5;13.8;1.480416667;6.61;0;68.7
2017-11-06;8.5;4.2;13.5;0.761875;7.04;0;77.3
2017-11-07;6.9;5.2;9.5;0.752708333;3.45;0;84.9
2017-11-08;4.6;3.6;5.5;1.192986111;1.52;0;85.9
2017-11-09;5;2.9;7.1;0.285625;1.53;0;88.7
2017-11-10;7.3;6;8.3;1.012638889;1.89;0;75.8
2017-11-11;5.2;3.8;7.1;1.668402778;5.14;1.4;74
2017-11-12;4.1;2.8;7;1.117430556;4.5;10.6;82.2
2017-11-13;3.2;1.8;4.8;1.707222222;0.99;6.8;94.5
2017-11-14;2.4;-0.6;4.6;1.060208333;4.05;0;84.5
2017-11-15;2.1;-1.2;5.7;0.454375;4.38;0;83.2
2017-11-16;2.6;-0.9;7.6;0.528888889;6.55;0;83.6
2017-11-17;3.2;1.2;4.7;0.694791667;1.37;2.4;93.7
2017-11-18;3.1;1;4.9;0.751527778;3.18;0.8;87.2
2017-11-19;3.1;1.5;5.4;1.451527778;3.8;0.6;77.6
2017-11-20;1.2;0;3.2;2.392291667;3.09;4.6;90.2
2017-11-21;1.9;0.4;3.1;0.521527778;1.8;2.6;93.7
2017-11-22;4.2;2.3;6.4;0.290069444;1.15;2.8;99.6
2017-11-23;5.6;2.5;10.5;0.678333333;5.12;0;90.4
2017-11-24;5.8;1.5;10.6;0.359375;5.33;0;85.3
2017-11-25;7.4;2.9;11.9;1.105;4.71;1;80.2
2017-11-26;3.4;-0.2;7.5;2.029375;0.94;1.4;82.6
2017-11-27;0.4;-1;2.5;0.584513889;3.48;0;87.9
2017-11-28;1.4;-1.9;4.5;0.544236111;4.04;0;74.1
2017-11-29;0.7;-0.2;2.4;0.295486111;1.14;4;89
2017-11-30;0;-0.3;0.3;0.199166667;0.39;5.6;93.3
2017-12-01;-0.8;-6.1;1.9;0.750555556;2.72;10;88.2
2017-12-02;-3.3;-7.5;-1.4;0.081319444;1.03;0;91.5
2017-12-03;-1.5;-2;-0.8;0.136180556;0.74;0;94.2
2017-12-04;-0.9;-3.6;0.5;1.157222222;1.33;3;90.2
2017-12-05;1.1;0.1;2.6;2.470277778;3.75;2;86.6
2017-12-06;3;2.2;4.1;3.064791667;0.91;0.4;87.2
2017-12-07;3;0.7;5.7;1.268819444;2.68;0;74.7
2017-12-08;3.9;1.5;6.9;0.80625;1.92;0.4;67.3
2017-12-09;0.7;-1;2.4;1.191458333;1.38;0;82.2
2017-12-10;0.4;-1.1;2.5;1.819652778;4.01;0;68.5
2017-12-11;7.6;2.2;12.1;2.387083333;2.66;0;62.5
2017-12-12;9.6;3.9;13.7;1.966527778;1.18;0;63.5
2017-12-13;1.5;-1.6;3.9;1.205763889;2.21;0;73.8
2017-12-14;2.9;-1.3;7.3;1.727361111;2.2;0;63.9
2017-12-15;2.4;0.8;5.8;1.218611111;1.56;0;70.4
2017-12-16;0.4;-1;1.3;0.894722222;1.5;0;81.6
2017-12-17;-0.1;-1.3;2;0.403611111;2.79;0;85.7
2017-12-18;-1;-2.2;-0.4;0.950833333;1.35;0;89.4
2017-12-19;-2.4;-3.6;-1.9;1.501041667;1.18;0;79.2
2017-12-20;-1.4;-2.8;-0.4;1.565555556;1.56;0;84
2017-12-21;-0.1;-2;1.7;1.184027778;1.57;1.8;88.6
2017-12-22;2.3;1.8;3;2.433402778;1.55;1.2;89.7
2017-12-23;3;1.5;6.3;3.033819444;1.46;0.4;88
2017-12-24;7;6.2;8.1;3.701875;1.23;0.4;88.5
2017-12-25;6.1;1.2;8.6;1.572569444;2.69;0;78.8
2017-12-26;1.6;-1.7;6;0.547222222;3.83;0;85.3
2017-12-27;3.1;-1.4;7.1;1.312916667;3.64;0;80.8
2017-12-28;5.8;1.5;8;1.07125;1.81;2.8;75.5
2017-12-29;0.1;-1.3;1.4;0.92;1.29;7.4;91
2017-12-30;-0.2;-2.7;2.6;0.749236111;4.42;0;78.7
2017-12-31;5.1;2.2;7.8;0.785138889;2.47;0.4;86.6
2018-01-01;4.8;2;6.8;0.611319444;2.41;0;83.9
2018-01-02;2.4;-0.7;4.9;0.766527778;3.89;0;87.5
2018-01-03;2.8;0.3;5.3;1.707638889;2.78;2.4;82
2018-01-04;4.3;1.7;7.1;1.056736111;3.33;2.2;78.1
2018-01-05;5.2;1.7;9.1;1.039861111;3.42;1.6;75.1
2018-01-06;7.1;4.8;9.5;0.250763889;2.78;0.4;86.5
2018-01-07;4.2;0.2;6.4;1.108263889;0.53;0.2;91.4
2018-01-08;-0.3;-1.9;0.4;0.309791667;0.64;1;89.4
2018-01-09;-0.7;-3.9;1.9;0.781111111;4.65;0;82
2018-01-10;2;0.6;4.2;0.759444444;2.85;0;85.5
2018-01-11;0.1;-0.3;0.5;0.257291667;0.74;1.6;95
2018-01-12;-0.2;-1.3;0.7;0.288680556;0.57;0.2;95.6
2018-01-13;-1.7;-3.5;-0.9;0;0.87;0;78
2018-01-14;-4.7;-7.1;-1.7;0.187430556;5.12;0;74.7
2018-01-15;-6.4;-8.8;-3.6;0;4.89;0;77.5
2018-01-16;-2.9;-7;1.7;0.188125;2.7;0;80.5
2018-01-17;0.9;-0.8;3.5;1.474097222;4.66;3.6;79.7
2018-01-18;1.1;-3.1;4.8;1.795277778;4.93;1.8;76
2018-01-19;1.5;-1.3;4.6;3.100416667;4.99;0;74.6
2018-01-20;-0.4;-3.3;1.8;0.686875;3.37;0;87.5
2018-01-21;-1.6;-4.3;0;0.242847222;1.24;1;90.4
2018-01-22;-3.6;-5.5;-1.3;0.114305556;2.71;1.2;87.2
2018-01-23;-4.4;-6.2;-3.4;0;2.47;0;86.6
2018-01-24;0.8;-3.6;4.3;0.600277778;3.49;3.8;81.6
2018-01-25;4.1;0.1;9.2;0.740486111;5.45;0;70.8
2018-01-26;0.5;-2.8;3.7;0.356666667;4.93;0;79.7
2018-01-27;0.4;-2.1;2;0.655694444;1.86;0.2;92.5
2018-01-28;3.5;1.2;5.4;1.730972222;3.14;0;88.9
2018-01-29;7;5;10.3;2.879722222;4.23;0;81.3
2018-01-30;4.1;1.9;7.2;3.990833333;3.34;2;70.6
2018-01-31;2.8;-0.8;7.3;1.013888889;6.37;0;67.7
2018-02-01;5.1;2.2;8.6;1.306944444;2.43;4.4;73.1
2018-02-02;1.9;0.1;4.1;0.971111111;2.29;0.2;90.3
2018-02-03;-0.7;-2;1.8;0.323472222;5.36;0;91.9
2018-02-04;-0.7;-2;0.9;0.475763889;3.62;0;85.6
2018-02-05;-2.8;-6.9;-1;0.235;4.41;0;70
2018-02-06;-5.2;-8.8;-1.7;0.513680556;9.32;0;69.9
2018-02-07;-3.3;-6.4;-1.2;0.644236111;4.22;0;82.9
2018-02-08;-1.9;-2.5;-1.4;1.154861111;1.1;0;92.5
2018-02-09;-2;-2.9;-0.2;0.898888889;4.01;3.2;85.1
2018-02-10;-2.4;-3.5;-0.4;0.429027778;3.53;0.2;86.8
2018-02-11;-2.1;-3.6;0.5;1.024513889;6.63;0;82.5
2018-02-12;-0.1;-2.6;1.8;0.556527778;3.09;0;83.8
2018-02-13;0.1;-1.4;2.2;0.53875;5.59;0.2;85.3
2018-02-14;-1.4;-2.1;-0.2;1.200833333;4.22;0.8;88.7
2018-02-15;-2.5;-4.2;-1.3;0.461666667;4.43;1.6;86.5
2018-02-16;-1.7;-4.8;1.3;0.614027778;3.69;0.4;86.7
2018-02-17;-0.2;-3.9;4.3;0.148958333;8.67;0;79.8
2018-02-18;-0.1;-1.1;1.7;1.495138889;6.66;0;75.6
2018-02-19;-1.1;-4.4;1.8;0.819166667;12.19;0;66.5
2018-02-20;-3.6;-6.9;-0.5;0.489652778;8.82;0;76.6
2018-02-21;-3.7;-5.9;-2.1;0.944236111;2.9;0;78.6
2018-02-22;-3.1;-4.3;-2;0.911180556;3.57;0;75.8
2018-02-23;-4.5;-7.5;-2.9;1.016666667;4.21;0;76.6
2018-02-24;-7.9;-11.7;-4.3;1.764722222;5.99;0;73.1
2018-02-25;-12.3;-14.5;-10;1.638541667;10.71;0;70.4
2018-02-26;-11.9;-14.3;-8.3;0.799305556;11.69;0;69.8
2018-02-27;-12.5;-14.4;-9.9;1.103888889;8.03;0;67.7
2018-02-28;-11.7;-13.6;-9.1;0.995486111;10.71;0;71.6
2018-03-01;-11.9;-16.5;-7.5;0.518402778;15.6;0;69.4
2018-03-02;-11;-17.5;-5.7;0.797083333;13.47;0;65.6
2018-03-03;-11;-16;-5.7;0.732361111;15.39;0;64.3
2018-03-04;-7.8;-14.3;-1.4;0.563333333;16.17;1;62.5
2018-03-05;-2;-10.1;5.6;0.695138889;13.13;0;62.3
2018-03-06;1.5;-1.2;5.8;0.563333333;6.6;0.6;78.2
2018-03-07;2.7;-2;7.9;0.8675;8.62;0;85.9
2018-03-08;4.9;1.4;9.6;0.981041667;13.62;0;72.1
2018-03-09;4.4;1.1;9.4;1.378125;13.98;0.8;66.2
2018-03-10;6.2;-0.2;12.3;0.667847222;13.71;0;70.5
2018-03-11;9.4;4.8;16.4;0.947291667;14.98;0;67.1
2018-03-12;11.2;7.2;17.8;1.934097222;12.12;0;65.6
2018-03-13;9;6;12.3;1.030694444;8.54;0.2;71.7
2018-03-14;5.2;2.9;7.4;1.320208333;3.27;2.6;84.5
2018-03-15;3.4;1.4;5.8;0.889513889;5.56;0;84.2
2018-03-16;1.5;-3.8;5.3;0.718055556;2.29;11.8;95.6
2018-03-17;-5.5;-7.6;-3.9;0;5.86;0;82.8
2018-03-18;-7.3;-9.8;-4.4;0.867222222;13.29;0.6;67.6
2018-03-19;-6.7;-8.4;-5.5;0.752777778;7.42;0;74.6
2018-03-20;-5.1;-6.4;-3.8;1.285486111;6.37;0;75.2
2018-03-21;-2.3;-5.2;0.2;2.290972222;19.71;1.6;61
2018-03-22;0.3;-5.6;6.2;0.96375;20.58;0;53.1
2018-03-23;1.2;-3.3;5.2;0.912986111;14.7;0;63.8
2018-03-24;2.1;-2.4;7.4;0.739652778;20.31;0;69.8
2018-03-25;3.5;-2.2;10.3;0.663611111;19.09;0;68.2
2018-03-26;3.5;-0.5;7.3;0.764375;9.91;0;67.5
2018-03-27;1.7;-0.3;3;1.400972222;4.73;1;84.2
2018-03-28;2.9;-1.5;7.7;1.024722222;14.12;0;75.1
2018-03-29;5.9;3;9.8;1.345416667;5.82;4;78.5
2018-03-30;8.2;2.8;13.7;0.6775;20.54;0.2;66.6
2018-03-31;9.6;5.7;15.8;0.669930556;7.41;4.6;83.5
2018-04-01;4.4;2.2;8.7;4.122777778;2.51;2.6;84.2
2018-04-02;4.9;0.9;10.1;3.533402778;20.33;0;62.8
2018-04-03;11.3;2.7;19.8;1.245763889;17.74;0;49.7
2018-04-04;13.4;6.4;19.1;1.063472222;13.17;0;57.3
2018-04-05;13;7.5;18.7;1.347708333;15.96;0;59.6
2018-04-06;8.2;3.5;12.2;2.419652778;15.72;0;59.6
2018-04-07;9.7;1;17.4;1.463055556;24.34;0;56.3
2018-04-08;15.5;7.1;22.7;2.228611111;22.29;0;58.9
2018-04-09;18.7;12.1;26.7;1.525972222;23.63;0;45.1
2018-04-10;16.4;10.8;21.7;0.832291667;17.49;0;52.6
2018-04-11;15.1;8.7;20.5;0.888819444;18.62;0;54.5
2018-04-12;17.1;7.7;25.9;1.356041667;24.19;0;53.7
2018-04-13;16.2;11.8;24;1.13;16.89;0.6;67.9
2018-04-14;16.2;9.5;22.7;1.255138889;26.62;0;50.5
2018-04-15;16.9;8.2;23.6;1.002847222;19.48;0;52.4
2018-04-16;17.4;12.7;23.6;0.925763889;11.6;1.4;63.2
2018-04-17;13.6;10.4;17.2;2.188263889;11.39;0;81.5
2018-04-18;14;7.2;20.4;1.660763889;26.72;0;60.4
2018-04-19;15.5;8.1;22.1;2.229722222;26.9;0;58.5
2018-04-20;14.9;6.6;21.3;0.697430556;27.7;0;48
2018-04-21;18.5;8.1;27.2;2.0775;26.2;0;44.9
2018-04-22;15.7;10.1;21.6;1.381597222;27.58;0;43.5
2018-04-23;15.6;7.9;23.7;1.250486111;16.81;2;59.7
2018-04-24;16.1;11.9;20.8;1.675;21.72;0;73.2
2018-04-25;18.1;10;24.8;1.773611111;25.98;0.2;56.4
2018-04-26;12.6;5.6;16.6;1.558194444;13.5;0.4;67.2
2018-04-27;11;4.5;17.5;1.108194444;27.36;0;59.4
2018-04-28;17.5;7.2;26.5;0.903680556;27.34;0;52.7
2018-04-29;20.5;14.3;28.3;1.405763889;20.38;0.2;57.6
2018-04-30;21.9;16.5;27.5;1.459791667;22.67;0;51.8
2018-05-01;20.1;13.7;26.9;1.314027778;28.13;0;51.1
2018-05-02;18.5;12.8;25.4;0.907569444;17.7;0;65
2018-05-03;21.8;14;29.6;1.114930556;27.48;0;54.4
2018-05-04;17.6;13;22.9;2.03125;29.38;0;68.9
2018-05-05;15;10.1;20.6;1.739861111;29.44;0;55.7
2018-05-06;14.6;7.2;21;1.407708333;31.25;0;49.3
2018-05-07;16;7.9;22.2;1.259652778;31.24;0;48.8
2018-05-08;15.7;11.2;21.1;1.131805556;15.62;8.4;70.9
2018-05-09;18.1;13.3;25.3;0.903263889;27.5;2.2;79.9
2018-05-10;20;13.7;25.8;1.530486111;30.59;0;60.3
2018-05-11;18.4;12.2;27.2;0.962361111;23.94;23.8;70.4
2018-05-12;18.2;12.7;24;0.683472222;30.25;0;62.8
2018-05-13;17.6;9.8;24.5;0.965833333;31.83;0.2;52.3
2018-05-14;13.2;8.6;17.7;0.847847222;21.47;0;64.3
2018-05-15;12.3;6.9;16.5;0.769930556;15.32;1;82.8
2018-05-16;12.2;8.5;14.6;0.949027778;6.93;5.6;95.8
2018-05-17;12.6;11.4;14.2;1.5;6.5;17;96.4
2018-05-18;12.7;12.2;13.2;2.457916667;3.43;4.2;94.4
2018-05-19;14.8;10.8;19.4;1.688125;25.92;0;72.9
2018-05-20;15.3;10.2;20.5;0.909583333;28.88;0;62.2
2018-05-21;15.2;8.8;20.5;1.084791667;30.77;0;57.3
2018-05-22;17.6;9.3;25;0.766041667;26.15;0;61.2
2018-05-23;18.4;13.7;25.5;0.917986111;21.63;0;72.1
2018-05-24;19;13.3;24.3;1.323125;31.14;0;59.1
2018-05-25;18.7;12.1;24.7;0.917430556;27.73;0;62.1
2018-05-26;19.6;12.3;25.9;0.795902778;28.54;0;71.3
2018-05-27;21.2;14.4;27.6;0.865416667;31.06;0;69.4
2018-05-28;21.5;14.6;27.6;1.141944444;32.61;0;55.9
2018-05-29;21.2;12.6;29.1;1.035625;31.09;0;52.8
2018-05-30;21.8;13.9;28.6;0.874375;25.42;0;59.7
2018-05-31;22.6;16;29.7;0.689166667;26.86;0;60.7
2018-06-01;22.6;15.3;30.9;1.042430556;28.26;9.4;59.4
2018-06-02;19.2;15.6;26.1;1.305555556;21.02;12.8;86.1
2018-06-03;19.6;16.3;24;1.676805556;24.81;0;85.4
2018-06-04;20.3;14.9;25.7;1.154652778;24.87;0;78.8
2018-06-05;19.7;15.2;24.5;0.894444444;19.2;7;77.7
2018-06-06;15.8;10.7;21;1.339166667;34.72;0;55.4
2018-06-07;17.4;8.6;24.6;0.987361111;34.29;0;50.3
2018-06-08;21.1;11.7;28.5;0.692430556;31.47;0;59.9
2018-06-09;23.1;17.3;29.8;1.030833333;28.07;0;67.8
2018-06-10;22.7;16.9;30;0.631875;22.69;4.4;68.7
2018-06-11;21.5;17.1;26;1.536944444;29.72;0;76.3
2018-06-12;17.9;14.2;20.9;0.854652778;11.41;8;87.4
2018-06-13;16;12.9;18.3;0.824166667;9.32;2;85
2018-06-14;17;14.1;20.9;0.838125;10.46;0;76.2
2018-06-15;18.7;13.3;23.3;1.045138889;24.6;0;66.9
2018-06-16;20.9;14.1;26;0.881527778;30.94;0;62.5
2018-06-17;20.5;14.6;25.4;0.840486111;22.67;0;64.8
2018-06-18;19.9;16.6;24.7;0.635347222;14.15;0;72.8
2018-06-19;21.5;16.8;26.8;1.039513889;26.06;0;59.5
2018-06-20;22.2;15.5;28.2;0.331875;25.73;0;60.1
2018-06-21;23.6;11.4;32.1;1.350972222;27.33;14.2;63
2018-06-22;13.2;10.9;16.5;1.869444444;19.21;2.6;68.7
2018-06-23;11.2;9.2;15.3;1.754236111;15.18;2.4;81.9
2018-06-24;12.5;10.3;16.7;1.79875;17.56;6.8;86.5
2018-06-25;14.7;10.7;19.1;0.905416667;19.46;0.2;75.7
2018-06-26;14.4;11.6;19.9;0.669513889;24.2;2.2;77.9
2018-06-27;15.7;10.1;19.7;1.310069444;12.33;2.8;81.9
2018-06-28;17.3;15.1;19.2;1.324305556;4.16;10.8;98.2
2018-06-29;21;16.1;27.4;1.704930556;20.62;0;71.8
2018-06-30;13.6;10.7;17;2.804097222;15.81;0;68.7
2018-07-01;12.8;9.1;17.7;2.089861111;21.32;1.8;66.6
2018-07-02;14.2;8.9;18.8;1.87375;23.01;0;63.6
2018-07-03;17.1;10.1;23.7;1.545;29;0;59.1
2018-07-04;20.6;11.5;27.3;1.317916667;29.86;0;49.9
2018-07-05;23.4;15.1;30.6;0.713194444;30.57;0;45.5
2018-07-06;19.8;15.5;26;1.288958333;13.75;0.4;72.7
2018-07-07;20;14.3;26;1.786458333;26.23;0;59.6
2018-07-08;19.5;13.3;26.4;1.388958333;29.61;0;58.3
2018-07-09;20.7;15.7;26.8;0.932916667;21.24;0;66.4
2018-07-10;20.1;15;28.3;0.984444444;25.02;1.8;71.8
2018-07-11;18.3;16;23.8;0.666805556;16.36;14;92.5
2018-07-12;18.2;14.1;23.8;1.230277778;27.33;1.8;75.7
2018-07-13;17.6;14.1;22.9;1.887708333;22.88;3.2;83
2018-07-14;17.9;15.2;24.2;2.555555556;14.03;2.4;81.8
2018-07-15;19.5;15.9;24.8;1.959513889;19.85;0;72.7
2018-07-16;19.5;16.3;24.8;1.651736111;17.88;0.8;76
2018-07-17;17.4;16.9;18;1.923819444;4.62;36;100
2018-07-18;19.1;17.4;21.9;2.415347222;7.32;20;97.2
2018-07-19;18.4;17.8;19.4;2.272708333;3.84;2.4;94.6
2018-07-20;20.3;16.2;25.3;1.435416667;18.65;0.6;82.9
2018-07-21;21.2;14;27.3;0.800555556;31.17;0;63.1
2018-07-22;22;14.5;28.9;0.599513889;28.11;0;63.1
2018-07-23;22.1;15.3;28.3;1.380694444;25.98;0;61.4
2018-07-24;22.5;15.2;28.7;1.461666667;30.6;0;56.6
2018-07-25;21.5;15.6;27.5;1.228541667;24.05;0;68.6
2018-07-26;21;16.4;26.6;0.844236111;17.37;0;81.9
2018-07-27;21.8;16.5;27.7;0.753819444;25.85;0;81.2
2018-07-28;24;17.7;30.6;0.556388889;26.34;0;70.2
2018-07-29;21.7;18;29;1.206111111;13.86;29;85.5
2018-07-30;21.2;16.6;28.1;0.653541667;15.73;3.2;84.5
2018-07-31;22.2;18.1;28.2;0.841180556;20.68;2.4;81.1
2018-08-01;23.2;18.1;29.4;0.897083333;25.36;0;81.4
2018-08-02;24.2;18.7;30.9;0.802708333;26.91;0;75.3
2018-08-03;24.1;18.2;29.7;0.728263889;29.53;0;65.2
2018-08-04;24.4;17.3;31.6;0.628680556;27.99;0;61.2
2018-08-05;22.5;18.8;28.7;0.978125;21.47;0;75.8
2018-08-06;20.6;16.1;25.9;1.178888889;22.74;0;65.2
2018-08-07;21.6;14.2;28.2;1.089513889;29.98;0;61.1
2018-08-08;23.6;15.9;30.3;0.904097222;21.02;0;64.6
2018-08-09;25.7;19.4;32.9;1.225208333;25.03;0;63.6
2018-08-10;23.7;17.9;32.8;1;21.07;9.4;74.6
2018-08-11;17.5;14.8;21;1.169027778;6.94;12.6;93.4
2018-08-12;19.6;14.3;24.8;0.605625;27.47;0;72.8
2018-08-13;23.1;14;30.7;0.635069444;26.36;0;65.2
2018-08-14;21.8;17.9;28.1;0.804375;16.94;8.2;78.3
2018-08-15;20.3;17.3;25.1;1.355347222;17.66;0.4;79.3
2018-08-16;20.1;15.5;25.1;0.564166667;18.75;0;76.5
2018-08-17;21.1;15.7;26.6;0.717986111;26.39;0;77.9
2018-08-18;21.8;16.3;28;0.552777778;20.22;0;77
2018-08-19;22;16;29.1;0.589305556;21.22;1.2;72.5
2018-08-20;23.9;16.8;31.1;0.877777778;23.43;0;66.1
2018-08-21;20.7;16.6;25.1;1.163333333;15.78;0;68.3
2018-08-22;20.3;16;25.4;0.851875;25.99;0;63.2
2018-08-23;22.5;14.2;30.7;0.780138889;24.18;0;64
2018-08-24;22;17.8;28.7;0.995;15.64;6.6;75.9
2018-08-25;17.1;15.7;18.4;0.636944444;4.8;11.2;97.5
2018-08-26;13.2;11.1;15.9;1.46375;5.03;6.4;90.5
2018-08-27;14;10.4;18;0.572361111;18.16;0;79.6
2018-08-28;16.4;10.4;22.7;0.803125;17.02;0;78.5
2018-08-29;17.3;12;22.6;0.649027778;23.08;0;71.9
2018-08-30;19.7;11.6;27.2;0.751180556;22.78;0;70.7
2018-08-31;18.1;16;22.4;0.942083333;12.86;0.2;84
2018-09-01;20.2;15.7;25.7;1.004722222;20.79;0;76.1
2018-09-02;20.3;14.8;26.7;0.962083333;20.24;0;67.8
2018-09-03;20.4;14.3;25.6;0.988958333;21.95;0.2;68.4
2018-09-04;17.7;15.9;22.1;0.717638889;6.72;28.2;95.2
2018-09-05;18.1;14.1;23;1.188194444;14.19;1.4;85.9
2018-09-06;16.8;12.4;21.9;0.76;13.71;0;85.2
2018-09-07;18;11.6;24.6;0.477569444;21.64;0;79.2
2018-09-08;16.2;13.9;20.8;1.57;7.87;0.4;89.6
2018-09-09;16.6;10.9;22.4;0.698888889;18.66;0.2;80.5
2018-09-10;17.3;11.1;23.5;0.722291667;20.59;0;71.6
2018-09-11;17.4;12.1;23;0.647013889;14.18;0;72.7
2018-09-12;20.8;13.4;29.3;0.630902778;20.63;0;65.2
2018-09-13;20.6;14.1;27.8;0.437430556;19.59;0;67.5
2018-09-14;16.9;15.1;18.9;0.663194444;5.81;2.8;91.3
2018-09-15;16.3;12.7;19.8;1.436666667;7.69;14.8;89
2018-09-16;14.8;9.7;20;0.527847222;14.27;0;72.7
2018-09-17;17.2;9.5;25.1;0.212569444;18.35;0;75.5
2018-09-18;19.7;13.7;26.4;0.317222222;18.41;0;70.2
2018-09-19;19.8;13.9;27.3;0.200277778;19.4;0;63.6
2018-09-20;19.8;13.4;28;0.167777778;18.71;0;62.3
2018-09-21;20.1;13.1;27;0.809027778;18.09;0;60.7
2018-09-22;13;10.4;18.9;1.288819444;7.4;11;82.7
2018-09-23;13.6;10;17.8;1.060138889;11.93;6.2;72.8
2018-09-24;9.4;6.5;14.8;4.367013889;14.1;3.6;76.1
2018-09-25;7.1;4.3;11.6;2.886805556;10.8;0;74.9
2018-09-26;8.9;2.9;15;1.407708333;18.41;0;68.8
2018-09-27;13;9.6;16.4;1.665694444;9.94;0;64.7
2018-09-28;14.3;8.2;21.5;1.710625;16.33;0.2;73.1
2018-09-29;9.1;5.7;13.7;1.093055556;14.58;1.8;68.3
2018-09-30;8.4;2.1;15.5;0.680138889;17.57;0;63.8
2018-10-01;10.7;2.4;16.9;0.879722222;13.94;0;69.3
2018-10-02;8;4.5;10;1.428472222;4.99;3.8;84.4
2018-10-03;9;4.5;13.8;3.077083333;11.21;0.2;74
2018-10-04;8.2;4.5;12.9;1.851944444;10.44;0;75.9
2018-10-05;10.5;4.5;18.3;0.469861111;15.67;0;70.6
2018-10-06;14.6;6.4;24;1.142291667;15.21;0;63.4
2018-10-07;15.6;11.2;22.2;1.298541667;7.33;0;70.6
2018-10-08;10.9;8.6;12.8;0.963819444;6.53;0;77.4
2018-10-09;12.4;9;17.6;0.719722222;12.77;0;76.3
2018-10-10;13.1;7;21.1;0.802777778;14.52;0;75.7
2018-10-11;11.6;5.7;19;0.818611111;11.41;0;84
2018-10-12;13.9;7.3;21.8;0.809791667;13.86;0;71.2
2018-10-13;13.9;7.4;21.7;0.474444444;13.28;0;76.6
2018-10-14;13.3;5.6;22.7;0.751319444;13.49;0;75.4
2018-10-15;13.2;6.6;21;0.758472222;13.81;0;64.1
2018-10-16;13.6;6.4;21.7;0.763680556;12.91;0;60.3
2018-10-17;14.2;8.3;21.2;0.596805556;10.28;0;63.3
2018-10-18;13.8;10;19.4;0.707152778;7.87;0;75.5
2018-10-19;10.9;9.2;14.6;1.118472222;5.97;0;94.4
2018-10-20;9.6;6.2;12;1.242222222;2.04;1.8;88.3
2018-10-21;7.2;5;9.5;1.002083333;3.37;2.2;88.4
2018-10-22;5.6;1.3;8.7;0.619791667;7.08;0.8;96.5
2018-10-23;6.6;3.1;8.7;2.472777778;3.81;11.8;84.4
2018-10-24;6.6;2.9;8.5;5.503055556;12.45;1.4;64.4
2018-10-25;6.5;1.5;10.4;2.671319444;2.91;0.8;85.7
2018-10-26;8.5;6.1;11.3;1.15125;5.37;0;77.4
2018-10-27;8.9;5.8;13.3;0.898055556;5.12;7.2;83.7
2018-10-28;5.4;4.5;6.4;1.217013889;0.96;11.2;97.9
2018-10-29;11.8;6.4;17.4;1.022152778;7;0.4;94.7
2018-10-30;17.3;12.8;21.4;1.879791667;6.16;0;58.9
2018-10-31;13.3;7.8;19.5;0.657777778;9.52;0;57.6
2018-11-01;12.3;4.7;18.5;0.940138889;8.97;0;70.6
2018-11-02;15.9;12.4;21.3;0.69;8.19;0.4;68.9
2018-11-03;11.3;9.3;13.5;0.887430556;1.71;1.2;100
2018-11-04;10.5;9.1;12.1;0.898472222;1.83;0.4;100
2018-11-05;10.7;7.3;14;0.408194444;4.5;0;100
2018-11-06;10.4;3.9;17.3;0.636736111;8.4;0.2;84.7
2018-11-07;8.6;1.9;15.6;0.673541667;7.51;0;81.8
2018-11-08;9.9;4.2;17.2;0.376388889;7.42;0;80.6
2018-11-09;7.7;3.1;13.1;0.24625;6.42;0;92.1
2018-11-10;6.6;3.5;11.7;0.462222222;6.09;0.2;93.4
2018-11-11;6.8;0.6;14.2;0.676944444;6.88;0;85.5
2018-11-12;9.1;3.5;14.1;0.794930556;6.59;0;85
2018-11-13;10.6;5.1;15.6;1.014375;6.07;1;79.8
2018-11-14;7.8;6.1;9.7;1.726805556;2.2;0;85.8
2018-11-15;6.7;5.1;8.6;0.862013889;3.69;0;83.3
2018-11-16;3.4;0.4;5.1;1.149375;2.18;0;82
2018-11-17;-0.7;-2.6;2.9;0.889722222;5.7;0;73.7
2018-11-18;-1.7;-4.6;0.6;0.51875;3.69;0;75.3
2018-11-19;-0.8;-1.6;-0.2;0.737708333;1.19;0.2;87.9
2018-11-20;-0.8;-1.4;-0.3;1.697013889;1.5;0;85.9
2018-11-21;-0.7;-1.4;-0.3;1.120416667;1.11;0.4;89.8
2018-11-22;-0.7;-1;0;0.502916667;1.65;3.2;89.8
2018-11-23;0;-0.9;0.9;0.497152778;1.78;1.4;95.5
2018-11-24;2;-1;4.5;0.406666667;1.86;0.8;100
2018-11-25;5.2;4.4;6.5;0.19;1.6;0;100
2018-11-26;2.4;-1.3;4.9;1.534444444;0.68;0.4;88.4
2018-11-27;-1.6;-3.1;-0.3;1.041319444;3.2;0;78.7
2018-11-28;-2.3;-5.4;-0.1;0.490069444;3.48;0;79.8
2018-11-29;-5;-7.7;-1.2;1.508541667;5.95;0;72.9
2018-11-30;-5;-9;-0.4;1.481388889;5.01;0;64.3
2018-12-01;-6.2;-11.8;-0.8;0.507847222;3.5;0;77.9
2018-12-02;0.5;-3.1;4.7;0.797708333;4.23;0;78.3
2018-12-03;5.4;2.2;9.7;0.237847222;3.25;0.4;83.7
2018-12-04;5.5;1.9;7.4;1.644513889;1.16;1.4;88.8
2018-12-05;0.6;-0.7;2.2;1.397013889;3.84;0;82.1
2018-12-06;0.6;-2;2.3;0.479513889;3.46;0;73.9
2018-12-07;4.3;0.7;7.2;0.524930556;1.82;0.4;84.2
2018-12-08;5;1.9;6.6;1.072013889;2.04;3.6;80.3
2018-12-09;5;2.9;8.5;1.220833333;2.57;3.4;80.9
2018-12-10;2.7;0.3;4.6;2.338194444;2.2;1.2;84.5
2018-12-11;0.4;-0.4;1.2;0.291388889;0.98;4.6;91.8
2018-12-12;-0.2;-1.4;0.5;0.190347222;0.65;1;94.3
2018-12-13;-0.9;-1.5;-0.6;0;0.42;0;92
2018-12-14;-1.7;-3;-0.6;0;0.34;0;90.3
2018-12-15;-1.8;-2.8;-1.1;0;0.45;0;83.6
2018-12-16;-3.5;-8;-1.8;0.04125;2.36;0;85.9
2018-12-17;-5.1;-10.1;-1;0;1.03;0;87
2018-12-18;-0.5;-2.9;1.4;0.144861111;2.07;4.8;85.6
2018-12-19;-4.9;-7.3;-2.9;0;1.62;0;87.7
2018-12-20;-3.6;-7.2;-0.9;0;1.11;0;87.2
2018-12-21;2.6;-1.7;6.2;0.666736111;3.42;0.8;76.9
2018-12-22;5.2;2.8;7.6;2.096736111;2.04;4.8;82.3
2018-12-23;2.8;1.4;4.1;0.943958333;1.51;2.6;88.8
2018-12-24;1;-1.4;3.8;2.905833333;1.08;1.6;84.1
2018-12-25;-0.5;-1.9;1.3;2.276458333;1.4;1;87
2018-12-26;2;1.2;2.9;2.404097222;1.01;1;91
2018-12-27;3.8;2.3;5.4;1.887152778;0.59;1.4;92.6
2018-12-28;4;3.4;4.8;2.368958333;0.66;0.4;89.1
2018-12-29;3.3;2.6;3.9;1.634791667;1.86;0.6;88.7
2018-12-30;2.8;0.4;4.1;1.400694444;1.69;5.2;88.2
2018-12-31;1.8;0.7;2.5;2.459652778;1.44;0;83.4
